year,actual,predicted
2008,-4.5,1.8169549703598022
2009,2.1,1.3545421361923218
2010,1.6,2.7980215549468994
2011,-0.9,1.8721357583999634
2012,-0.2,2.2615480422973633
2013,1.4,1.9028655290603638
2014,2.0,1.2824236154556274
2015,1.8,1.8013230562210083
2016,2.4,1.919616937637329
2017,1.9,2.124080181121826
2018,1.3,1.9928812980651855
2019,-6.5,1.8723698854446411
2020,5.3,-6.168152332305908
2021,3.4,-5.315344333648682
2022,0.5,-5.403450012207031
2023,0.4,-0.3033137917518616
