model,mae,mae_std,rmse,rmse_std,r2,r2_std
xgboost,2.316400098800659,1.711337817749209,2.7884461581179187,2.1074678669269473,-1.1243618191803229,0.8359838812828102
mlp,2.3223703775806097,1.6375992382316613,2.8768420303417805,2.0374162849035935,-2.318159039576232,1.7472371792341463
linear,4.084103140733011,1.0467404384647196,4.579074494016743,1.1787434084341397,-46.33103738438155,56.92947538790142
