model,mae,rmse
xgboost,2.316400098800659,2.7884461581179187
mlp,2.3223703775806097,2.8768420303417805
linear,4.084103140733011,4.579074494016743
