model,mae,mae_std,rmse,rmse_std,r2,r2_std
xgboost,2.0374635929862657,0.9482395825534348,2.8316612558935685,1.2198411534203482,-0.6387710328361825,0.3064070538636441
linear,4.680318871453481,1.3690586583405475,5.747716504205234,1.8350905738810148,-8.245566834172623,4.99796512455538
mlp,5.351667176379794,3.0935993005855793,6.59124246284975,3.890289968612801,-10.377243237083334,8.596075136444078
lasso,5.853020555137104,2.000116515146128,7.095074770204991,2.497271413638219,-18.41977091915608,14.421719825958247
