model,mae,mae_std,rmse,rmse_std,r2,r2_std
xgboost,1.5552849037158822,0.9754061712965543,2.2521086355278066,1.4249362027027792,0.21505267158700445,0.4124096271777263
linear,3.052773768809295,1.8734640493627743,3.927758130412722,2.3294024851585275,-2.3455373553625214,2.83537361791108
mlp,5.46544431809771,4.65253722445537,6.360137001830856,5.220661227388086,-9.99972152959572,13.22663067815373
