model,mae,mae_std,rmse,rmse_std,r2,r2_std
naive_mean,1.8388888888888888,0.6937255538272479,2.5212294741250187,1.1404502326020034,-0.2486233561937435,0.16386677668872365
xgboost,2.0408176514837475,0.9512336286943847,2.826583219648134,1.2135158446245775,-0.637068959511534,0.31285118119887445
linear,4.680318871453481,1.3690586583405475,5.747716504205234,1.8350905738810148,-8.245566834172623,4.99796512455538
mlp,5.351667176379794,3.0935993005855793,6.59124246284975,3.890289968612801,-10.377243237083334,8.596075136444078
