mae,rmse,r2,n_train,n_test,best_estimator
3.7038622835497836,4.071926082848974,-2.8967290303609388,20,4,rf
