mae,rmse,r2,n_train,n_test,best_estimator
5.515313436563437,5.705746622821509,-6.651126797611998,20,4,rf
